{
  "info": {
    "_postman_id": "b6a1a1c4-42b5-4d3d-9b22-4b92fcbfdf32",
    "name": "Student Management API",
    "schema": "https://schema.getpostman.com/json/collection/v2.1.0/collection.json"
  },
  "item": [
    {
      "name": "Get All Students",
      "request": {
        "method": "GET",
        "header": [],
        "url": {
          "raw": "http://localhost:3000/students",
          "protocol": "http",
          "host": ["localhost"],
          "port": "3000",
          "path": ["students"]
        }
      }
    },
    {
      "name": "Get Student by ID",
      "request": {
        "method": "GET",
        "header": [],
        "url": {
          "raw": "http://localhost:3000/students/:id",
          "protocol": "http",
          "host": ["localhost"],
          "port": "3000",
          "path": ["students", ":id"]
        }
      }
    },
    {
      "name": "Create Student",
      "request": {
        "method": "POST",
        "header": [
          { "key": "Content-Type", "value": "application/json" }
        ],
        "body": {
          "mode": "raw",
          "raw": "{\n  \"name\": \"David Miller\",\n  \"age\": 21,\n  \"course\": \"Electrical Engineering\"\n}"
        },
        "url": {
          "raw": "http://localhost:3000/students",
          "protocol": "http",
          "host": ["localhost"],
          "port": "3000",
          "path": ["students"]
        }
      }
    },
    {
      "name": "Update Student",
      "request": {
        "method": "PUT",
        "header": [
          { "key": "Content-Type", "value": "application/json" }
        ],
        "body": {
          "mode": "raw",
          "raw": "{\n  \"age\": 23\n}"
        },
        "url": {
          "raw": "http://localhost:3000/students/:id",
          "protocol": "http",
          "host": ["localhost"],
          "port": "3000",
          "path": ["students", ":id"]
        }
      }
    },
    {
      "name": "Delete Student",
      "request": {
        "method": "DELETE",
        "header": [],
        "url": {
          "raw": "http://localhost:3000/students/:id",
          "protocol": "http",
          "host": ["localhost"],
          "port": "3000",
          "path": ["students", ":id"]
        }
      }
    }
  ]
}
