{
  "info": {
    "name": "Products API",
    "_postman_id": "12345678-1234-1234-1234-123456789abc",
    "description": "CRUD operations for products",
    "schema": "https://schema.getpostman.com/json/collection/v2.1.0/collection.json"
  },
  "item": [
    {
      "name": "Create Product",
      "request": {
        "method": "POST",
        "header": [
          {
            "key": "Content-Type",
            "value": "application/json"
          }
        ],
        "body": {
          "mode": "raw",
          "raw": "{\n  \"name\": \"iPhone 15\",\n  \"price\": 1200,\n  \"category\": \"Electronics\"\n}"
        },
        "url": {
          "raw": "http://localhost:3000/products",
          "protocol": "http",
          "host": ["localhost"],
          "port": "3000",
          "path": ["products"]
        }
      },
      "response": []
    },
    {
      "name": "Get All Products",
      "request": {
        "method": "GET",
        "header": [],
        "url": {
          "raw": "http://localhost:3000/products",
          "protocol": "http",
          "host": ["localhost"],
          "port": "3000",
          "path": ["products"]
        }
      },
      "response": []
    },
    {
      "name": "Update Product",
      "request": {
        "method": "PUT",
        "header": [
          {
            "key": "Content-Type",
            "value": "application/json"
          }
        ],
        "body": {
          "mode": "raw",
          "raw": "{\n  \"price\": 1100\n}"
        },
        "url": {
          "raw": "http://localhost:3000/products/{{productId}}",
          "protocol": "http",
          "host": ["localhost"],
          "port": "3000",
          "path": ["products", "{{productId}}"]
        }
      },
      "response": []
    },
    {
      "name": "Delete Product",
      "request": {
        "method": "DELETE",
        "header": [],
        "url": {
          "raw": "http://localhost:3000/products/{{productId}}",
          "protocol": "http",
          "host": ["localhost"],
          "port": "3000",
          "path": ["products", "{{productId}}"]
        }
      },
      "response": []
    }
  ],
  "variable": [
    {
      "key": "productId",
      "value": ""
    }
  ]
}
